{"namespace":"general_section","sound_button@settings_common.section_toggle_base":{"$toggle_view_binding_name":"sound_button_toggle","$glyph_texture":"textures/ui/sound_glyph","$glyph_color_texture":"textures/ui/sound_glyph_color","$glyph_size":[16,12],"$button_text":"options.sounds","$toggle_property_bag":{"#panel_title":"options.sounds.title"}},"sound_section":{"type":"stack_panel","size":["80%","100%c"],"anchor_from":"top_left","anchor_to":"top_left","bindings":[{"binding_type":"view","source_control_name":"sound_button_toggle","source_property_name":"#toggle_state","target_property_name":"#visible"}],"controls":[{"option_toggle0@settings_common.option_toggle":{"$option_label":"options.enableAutoPlatformTextToSpeech","$option_binding_name":"#enable_auto_text_to_speech","$option_enabled_binding_name":"#enable_auto_text_to_speech_enabled","$toggle_name":"enable_auto_text_to_speech"}},{"option_toggle1@settings_common.option_toggle":{"$option_label":"options.enableUITextToSpeech","$option_binding_name":"#enable_ui_text_to_speech","$option_enabled_binding_name":"#enable_ui_text_to_speech_enabled","$toggle_name":"enable_ui_text_to_speech"}},{"option_toggle2@settings_common.option_toggle":{"$option_label":"options.enableChatTextToSpeech","$option_binding_name":"#enable_chat_text_to_speech","$option_enabled_binding_name":"#enable_chat_text_to_speech_enabled","$toggle_name":"enable_chat_text_to_speech","bindings":[{"binding_name":"#not_hide_chat","binding_name_override":"#enabled"}]}},{"option_slider_10@settings_common.option_slider":{"$option_label":"#main_volume_slider_label","$slider_name":"main_volume","$slider_value_binding_name":"#main_volume","$slider_tts_text_value":"#main_volume_text_value","$option_enabled_binding_name":"#main_volume_enabled","$focus_override_up":"FOCUS_OVERRIDE_STOP","$label_bindings":[{"binding_name":"$option_label"}]}},{"option_slider_0@settings_common.option_slider":{"$option_label":"#texttospeech_volume_slider_label","$slider_name":"texttospeech_volume","$slider_value_binding_name":"#texttospeech_volume","$slider_tts_text_value":"#texttospeech_volume_text_value","$option_enabled_binding_name":"#texttospeech_volume_enabled","$label_bindings":[{"binding_name":"$option_label"}]}},{"option_slider_1@settings_common.option_slider":{"$option_label":"#music_volume_slider_label","$slider_name":"music_volume","$slider_value_binding_name":"#music_volume","$slider_tts_text_value":"#music_volume_text_value","$option_enabled_binding_name":"#music_volume_enabled","$label_bindings":[{"binding_name":"$option_label"}]}},{"option_slider_2@settings_common.option_slider":{"$option_label":"#sound_volume_slider_label","$slider_name":"sound_volume","$slider_value_binding_name":"#sound_volume","$slider_tts_text_value":"#sound_volume_text_value","$option_enabled_binding_name":"#sound_volume_enabled","$label_bindings":[{"binding_name":"$option_label"}]}},{"option_slider_3@settings_common.option_slider":{"$option_label":"#ambient_volume_slider_label","$slider_name":"ambient_volume","$slider_value_binding_name":"#ambient_volume","$slider_tts_text_value":"#ambient_volume_text_value","$option_enabled_binding_name":"#ambient_volume_enabled","$label_bindings":[{"binding_name":"$option_label"}]}},{"option_slider_4@settings_common.option_slider":{"$option_label":"#block_volume_slider_label","$slider_name":"block_volume","$slider_value_binding_name":"#block_volume","$slider_tts_text_value":"#block_volume_text_value","$option_enabled_binding_name":"#block_volume_enabled","$label_bindings":[{"binding_name":"$option_label"}]}},{"option_slider_5@settings_common.option_slider":{"$option_label":"#hostile_volume_slider_label","$slider_name":"hostile_volume","$slider_value_binding_name":"#hostile_volume","$slider_tts_text_value":"#hostile_volume_text_value","$option_enabled_binding_name":"#hostile_volume_enabled","$label_bindings":[{"binding_name":"$option_label"}]}},{"option_slider_6@settings_common.option_slider":{"$option_label":"#neutral_volume_slider_label","$slider_name":"neutral_volume","$slider_value_binding_name":"#neutral_volume","$slider_tts_text_value":"#neutral_volume_text_value","$option_enabled_binding_name":"#neutral_volume_enabled","$label_bindings":[{"binding_name":"$option_label"}]}},{"option_slider_7@settings_common.option_slider":{"$option_label":"#player_volume_slider_label","$slider_name":"player_volume","$slider_value_binding_name":"#player_volume","$slider_tts_text_value":"#player_volume_text_value","$option_enabled_binding_name":"#player_volume_enabled","$label_bindings":[{"binding_name":"$option_label"}]}},{"option_slider_8@settings_common.option_slider":{"$option_label":"#record_volume_slider_label","$slider_name":"record_volume","$slider_value_binding_name":"#record_volume","$slider_tts_text_value":"#record_volume_text_value","$option_enabled_binding_name":"#record_volume_enabled","$label_bindings":[{"binding_name":"$option_label"}]}},{"option_slider_9@settings_common.option_slider":{"$option_label":"#weather_volume_slider_label","$slider_name":"weather_volume","$slider_value_binding_name":"#weather_volume","$slider_tts_text_value":"#weather_volume_text_value","$option_enabled_binding_name":"#weather_volume_enabled","$label_bindings":[{"binding_name":"$option_label"}]}},{"reset_button@settings_common.action_button":{"ignored":"(not $is_pregame)","$pressed_button_name":"button.reset_settings","$button_text":"options.resetSettings","$focus_override_down":"FOCUS_OVERRIDE_STOP","property_bag":{"reset_group":"audio"}}}]}}