{"namespace":"bedrocktimize_lables","bedrocktimize":{"type":"label","shadow":true,"text":"Bedrocktimize:","size":["default",10],"max_size":["default",10]},"bedrocktimize_version":{"type":"label","shadow":true,"text":"v12.0.2","size":["default",10],"max_size":["default",10]},"minecraft":{"type":"label","shadow":true,"layer":1,"text":"Minecraft:","size":["default",10],"max_size":["default",10]},"playername_mobile":{"type":"label","shadow":true,"layer":1,"text":"#playername","size":["default",10],"max_size":["default",10],"bindings":[{"binding_name":"#playername"}]},"disclaimer":{"type":"label","$button_content_alpha":0.5,"alpha":0.5,"layer":99,"shadow":true,"font_size":"small","text":"BedrockTimize by @NetherNinja","size":["default","default"],"max_size":["default","default"],"anchor_from":"bottom_left","anchor_to":"bottom_left","offset":[38,-5]},"information":{"type":"label","ignored":"($pocket_edition)","shadow":true,"text":"\nInformation >","size":["default",20],"max_size":["default",20]},"bedrocktimize_button@common_buttons.gear_text_button":{"$button_content_offset":[-4,0],"size":[24,24],"$button_content":"start.bedrocktimize_icon","$pressed_button_name":"button.menu_buy_game"},"information_button_panel":{"type":"stack_panel","orientation":"horizontal","size":["default","default"],"controls":[{"0@bedrocktimize_lables.information":{}},{"settings_button@start.settings_button":{"size":[160,30]}}]}}