{"$npc_dialog_text_color":[1.0,1.0,1.0],"$loading_text_color":[0.333,1.0,0.333],"$light_button_secondary_default_text_color":[0.333,1.0,0.333],"$light_button_secondary_hover_text_color":[0.0,0.667,0],"$light_button_secondary_pressed_text_color":[0.6,0.6,1.0],"$light_button_secondary_locked_text_color":[0.6,0.6,0.6],"$light_toggle_default_text_color":[0.333,1.0,0.333],"$light_toggle_hover_text_color":[1.0,1.0,1.0],"$light_toggle_checked_default_text_color":[0.0,0.667,0],"$light_toggle_checked_hover_text_color":[1.0,1.0,1.0],"$light_button_default_text_color":[0.0,0.667,0],"$light_button_hover_text_color":[0.333,1.0,0.333],"$light_button_pressed_text_color":[0.333,1.0,0.333],"$light_button_locked_text_color":[0.7,0.7,0.7],"$title_text_color":[0.0,0.667,0],"$pocket_title_text_color":[0.0,0.667,0],"$main_header_text_color":[1.0,1.0,1.0],"$sub_header_text_color":[1.0,1.0,1.0],"$dark_body_text_color":[1.0,1.0,1.0],"$body_text_color":[1.0,1.0,1.0],"$light_glyph_default_color":[0.0,0.667,0],"$tab_unchecked_text_color":[0.0,0.667,0],"$tab_unchecked_hover_text_color":[0.333,1.0,0.333],"$tab_unchecked_locked_text_color":[0.0,0.667,0],"$tab_unchecked_locked_hover_text_color":[0.0,0.667,0],"$tab_checked_text_color":[0.333,1.0,0.333],"$tab_checked_hover_text_color":[1.0,1.0,1.0],"$tab_checked_locked_text_color":[0.333,1.0,0.333],"$tab_checked_locked_hover_text_color":[0.333,1.0,0.333],"$tab_secondary_unchecked_text_color":[0.333,1.0,0.333],"$tab_secondary_unchecked_hover_text_color":[0.333,1.0,0.333],"$tab_secondary_unchecked_locked_text_color":[0.333,1.0,0.333],"$tab_secondary_unchecked_locked_hover_text_color":[0.333,1.0,0.333],"$tab_secondary_checked_text_color":[0.333,1.0,0.333],"$tab_secondary_checked_hover_text_color":[0.333,1.0,0.333],"$tab_secondary_checked_locked_text_color":[0.333,1.0,0.333],"$tab_secondary_checked_locked_hover_text_color":[0.333,1.0,0.333]}