{"namespace":"bedrocktimize_glyphs","title":{"type":"image","anchor_from":"center","anchor_to":"center","texture":"textures/ui/title"},"custom_side_bar_base":{"type":"image","size":[3,3],"texture":"textures/bedrocktimize_ui/sidebar/sidebar"},"tab_up":{"type":"image","size":[12,12],"texture":"textures/bedrocktimize_ui/tab_up"},"tab_down":{"type":"image","size":[12,12],"texture":"textures/bedrocktimize_ui/tab_down"},"previous_up":{"type":"image","size":[12,12],"texture":"textures/bedrocktimize_ui/previous_up"},"previous_down":{"type":"image","size":[12,12],"texture":"textures/bedrocktimize_ui/previous_down"},"drop_all_icon":{"type":"image","anchor_from":"center","anchor_to":"center","texture":"textures/bedrocktimize_ui/drop_all_icon"},"drop_icon":{"type":"image","anchor_from":"center","anchor_to":"center","texture":"textures/bedrocktimize_ui/drop_icon"},"feedback_icon":{"type":"image","anchor_from":"center","anchor_to":"center","texture":"textures/bedrocktimize_ui/sidebar/icons/feedback","size":[13,13]},"trophy_icon":{"type":"image","anchor_from":"center","anchor_to":"center","texture":"textures/bedrocktimize_ui/sidebar/icons/trophy","size":[13,13]},"marketplace_icon":{"type":"image","anchor_from":"center","anchor_to":"center","texture":"textures/ui/sidebar_icons/marketplace","size":[13,13]},"exit_icon":{"type":"image","anchor_from":"center","anchor_to":"center","texture":"textures/bedrocktimize_ui/sidebar/icons/exit","size":[13,13]},"invite_icon":{"type":"image","anchor_from":"center","anchor_to":"center","texture":"textures/bedrocktimize_ui/sidebar/icons/realms","size":[13,13]},"profile_icon":{"type":"image","anchor_from":"center","anchor_to":"center","texture":"textures/ui/sidebar_icons/classic_skins","size":[13,13]},"clear":{"type":"image","anchor_from":"center","anchor_to":"center","texture":"textures/bedrocktimize_ui/clear","size":[3,3]},"firstperson_glyph":{"type":"image","anchor_from":"center","anchor_to":"center","texture":"textures/bedrocktimize_ui/glyphs/firstperson_glyph"},"firstperson_glyph_color":{"type":"image","anchor_from":"center","anchor_to":"center","texture":"textures/bedrocktimize_ui/glyphs/firstperson_glyph_color"},"gameplay_glyph":{"type":"image","anchor_from":"center","anchor_to":"center","texture":"textures/bedrocktimize_ui/glyphs/gameplay_glyph"},"gameplay_glyph_color":{"type":"image","anchor_from":"center","anchor_to":"center","texture":"textures/bedrocktimize_ui/glyphs/gameplay_glyph_color"},"info_glyph":{"type":"image","anchor_from":"center","anchor_to":"center","texture":"textures/bedrocktimize_ui/glyphs/info_glyph"},"info_glyph_color":{"type":"image","anchor_from":"center","anchor_to":"center","texture":"textures/bedrocktimize_ui/glyphs/info_glyph_color"},"playersettings_glyph":{"type":"image","anchor_from":"center","anchor_to":"center","texture":"textures/bedrocktimize_ui/glyphs/playersettings_glyph"},"playersettings_glyph_color":{"type":"image","anchor_from":"center","anchor_to":"center","texture":"textures/bedrocktimize_ui/glyphs/playersettings_glyph_color"},"recommendations_glyph":{"type":"image","anchor_from":"center","anchor_to":"center","texture":"textures/bedrocktimize_ui/glyphs/recommendations_glyph"},"recommendations_glyph_color":{"type":"image","anchor_from":"center","anchor_to":"center","texture":"textures/bedrocktimize_ui/glyphs/recommendations_glyph_color"},"thirdperson_glyph":{"type":"image","anchor_from":"center","anchor_to":"center","texture":"textures/bedrocktimize_ui/glyphs/thirdperson_glyph"},"thirdperson_glyph_color":{"type":"image","anchor_from":"center","anchor_to":"center","texture":"textures/bedrocktimize_ui/glyphs/thirdperson_glyph_color"},"thirdperson_back_glyph_color":{"type":"image","anchor_from":"center","anchor_to":"center","texture":"textures/bedrocktimize_ui/glyphs/thirdperson_back_glyph_color"},"auto_save_animation":{"anim_type":"flip_book","initial_uv":[0,0],"frame_count":8,"frame_step":7,"fps":4,"reversible":false,"easing":"linear"},"auto_save":{"type":"image","texture":"textures/bedrocktimize_ui/cog_bedrocktimize","uv_size":[128,128],"uv":"@bedrocktimize_glyphs.auto_save_animation","disable_anim_fast_forward":true},"clock_pocket":{"type":"image","anchor_from":"center","anchor_to":"center","texture":"bedrocktimize_glyphs.clear","size":[0,0],"controls":[{"clock@beacon.item_renderer":{"size":[24,24],"anchor_to":"center","anchor_from":"center","property_bag":{"#item_id_aux":22740992}}}]},"compass_pocket":{"type":"image","anchor_from":"center","anchor_to":"center","texture":"bedrocktimize_glyphs.clear","size":[0,0],"controls":[{"compass@beacon.item_renderer":{"size":[22,22],"anchor_to":"center","anchor_from":"center","property_bag":{"#item_id_aux":22609920}}}]},"clock":{"type":"image","anchor_from":"center","anchor_to":"center","texture":"bedrocktimize_glyphs.clear","size":[0,0],"controls":[{"clock@beacon.item_renderer":{"size":[16,16],"anchor_to":"center","anchor_from":"center","property_bag":{"#item_id_aux":22740992}}}]},"compass":{"type":"image","anchor_from":"center","anchor_to":"center","texture":"bedrocktimize_glyps.clear","size":[0,0],"controls":[{"compass@beacon.item_renderer":{"size":[16,16],"anchor_to":"center","anchor_from":"center","property_bag":{"#item_id_aux":22609920}}}]},"recovery_compass":{"type":"image","anchor_from":"center","anchor_to":"center","texture":"bedrocktimize_glyphs.clear","size":[0,0],"controls":[{"compass@beacon.item_renderer":{"size":[16,16],"anchor_to":"center","anchor_from":"center","property_bag":{"#item_id_aux":42336256}}}]},"recovery_compass_beta":{"type":"image","anchor_from":"center","anchor_to":"center","texture":"bedrocktimize_glyphs.clear","size":[0,0],"controls":[{"compass@beacon.item_renderer":{"size":[16,16],"anchor_to":"center","anchor_from":"center","property_bag":{"#item_id_aux":42467328}}}]}}