{"world_list_grids_stack":{"controls":[{"custom_template_panel":{"type":"stack_panel","orientation":"vertical","size":["100%","100%c"],"$section_header":"selectTemplate.importedTemplates","controls":[{"custom_templates_label_panel@world_templates.custom_templates_label":{"bindings":[{"binding_name":"#custom_template_list_visible","binding_name_override":"#visible"}]}},{"custom_world_template_section_factory@world_templates.custom_world_template_section_factory":{}},{"custom_template_list_bottom_padding":{"type":"panel","size":["100%",4]}}]}},{"template_list_panel":{"type":"stack_panel","orientation":"vertical","size":["100%","100%c"],"$section_header":"selectTemplate.myTemplates","controls":[{"my_templates_label_panel@world_templates.my_templates_label":{"bindings":[{"binding_name":"#template_list_visible","binding_name_override":"#visible"}]}},{"world_template_inventory_section_factory@world_templates.world_template_inventory_section_factory":{}},{"template_bottom_padding":{"type":"panel","size":["100%",4]}}]}},{"store_panel":{"type":"panel","size":["100%","100%cm"],"enabled":"(not $store_disabled)","bindings":[{"binding_name":"(not #marketplace_disabled)","binding_name_override":"#visible"}],"controls":[{"loading_panel@common_store.progress_loading":{"size":["100%",120],"$source_control_name":"store_grids","$source_property_name":"(not #visible)","$use_sibling_scope":true}},{"store_grids":{"type":"stack_panel","orientation":"vertical","size":["100%","100%c"],"bindings":[{"binding_name":"#are_world_list_grids_ready","binding_name_override":"#visible"}],"controls":[{"realms_plus_list_panel":{"type":"stack_panel","orientation":"vertical","size":["100%","100%c"],"$section_header":"selectTemplate.realmsPlus","controls":[{"realms_plus_label_panel@world_templates.realms_plus_templates_label":{"bindings":[{"binding_name":"#realms_plus_list_visible","binding_name_override":"#visible"}]}},{"realms_plus_template_section_factory@world_templates.realms_plus_template_section_factory":{}},{"realms_plus_template_bottom_padding":{"type":"panel","size":["100%",4]}}],"bindings":[{"binding_name":"#realms_plus_list_visible","binding_name_override":"#visible"}]}},{"suggested_content_panel":{"type":"stack_panel","orientation":"vertical","size":["100%","100%c"],"$section_header":"selectTemplate.suggestedContent.title","bindings":[{"binding_name":"#suggested_content_visible","binding_name_override":"#visible"}],"controls":[{"suggested_content_offers_title_label@resource_packs.suggested_content_offers_title_label":{"size":["100%","10px"],"$suggested_content_offers_label_text":"$section_header","$suggested_content_offers_binding_type":"none","bindings":[{"binding_name":"(not #realms_info_visible)","binding_name_override":"#visible"}]}},{"suggested_template_section_factory@world_templates.suggested_template_section_factory":{}},{"suggested_template_bottom_padding":{"type":"panel","size":["100%",4]}}]}}]}}]}},{"realms_info_panel":{"type":"stack_panel","orientation":"vertical","size":["100%","100%c"],"visible":"#realms_info_visible","controls":[{"padding":{"type":"panel","size":["100%",2]}},{"realms_templates_info@world_templates.realms_templates_info":{}},{"open_uri_button@disconnect.open_account_setting_button":{"size":["100%",26],"ignored":"$is_holographic","visible":false,"bindings":[{"binding_name":"#open_uri_button_visible","binding_name_override":"#visible"}]}}]}}]}}