{"biomes":{"default":{"water_surface_color":"#44AFF5","water_surface_transparency":0.3,"water_fog_color":"#44AFF5","water_fog_distance":512,"fog_color":"#ABD2FF"},"plains":{"water_surface_color":"#44AFF5","water_fog_color":"#44AFF5"},"sunflower_plains":{"water_surface_color":"#44AFF5","water_fog_color":"#44AFF5"},"desert":{"water_surface_color":"#32A598","water_fog_color":"#32A598"},"extreme_hills":{"water_surface_color":"#007BF7","water_fog_color":"#007BF7"},"forest":{"water_surface_color":"#1E97F2","water_fog_color":"#1E97F2"},"flower_forest":{"water_surface_color":"#20A3CC","water_fog_color":"#20A3CC"},"taiga":{"water_surface_color":"#287082","water_fog_color":"#287082"},"taiga_mutated":{"water_surface_color":"#1E6B82","water_fog_color":"#1E6B82"},"swampland":{"water_surface_color":"#4c6559","water_surface_transparency":0.3,"water_fog_color":"#4c6559","water_fog_distance":512},"swampland_mutated":{"water_surface_color":"#4c6156","water_surface_transparency":0.3,"water_fog_color":"#4c6156","water_fog_distance":512},"river":{"water_surface_color":"#0084FF","water_fog_color":"#0084FF","water_fog_distance":512},"the_end":{"water_surface_color":"#62529e","water_fog_color":"#62529e","fog_color":"#0B080C"},"frozen_river":{"water_surface_color":"#185390","water_fog_color":"#185390","water_fog_distance":512},"ice_plains":{"water_surface_color":"#14559b","water_fog_color":"#14559b"},"ice_plains_spikes":{"water_surface_color":"#14559b","water_fog_color":"#14559b"},"ice_mountains":{"water_surface_color":"#1156a7","water_fog_color":"#1156a7"},"mushroom_island":{"water_surface_color":"#8a8997","water_fog_color":"#8a8997"},"mushroom_island_shore":{"water_surface_color":"#818193","water_fog_color":"#818193"},"beach":{"water_surface_color":"#157cab","water_fog_color":"#157cab","water_fog_distance":512},"desert_hills":{"water_surface_color":"#1a7aa1","water_fog_color":"#1a7aa1"},"forest_hills":{"water_surface_color":"#056bd1","water_fog_color":"#056bd1"},"taiga_hills":{"water_surface_color":"#236583","water_fog_color":"#236583"},"extreme_hills_edge":{"water_surface_color":"#045cd5","water_fog_color":"#045cd5"},"jungle":{"water_surface_color":"#14A2C5","water_fog_color":"#14A2C5"},"bamboo_jungle":{"water_surface_color":"#14A2C5","water_fog_color":"#14A2C5"},"jungle_mutated":{"water_surface_color":"#1B9ED8","water_fog_color":"#1B9ED8"},"jungle_hills":{"water_surface_color":"#1B9ED8","water_fog_color":"#1B9ED8"},"bamboo_jungle_hills":{"water_surface_color":"#1B9ED8","water_fog_color":"#1B9ED8"},"jungle_edge":{"water_surface_color":"#0D8AE3","water_fog_color":"#0D8AE3"},"stone_beach":{"water_surface_color":"#0d67bb","water_fog_color":"#0d67bb"},"cold_beach":{"water_surface_color":"#1463a5","water_fog_color":"#1463a5","water_fog_distance":512},"birch_forest":{"water_surface_color":"#0677ce","water_fog_color":"#0677ce"},"birch_forest_hills":{"water_surface_color":"#0a74c4","water_fog_color":"#0a74c4"},"roofed_forest":{"water_surface_color":"#3B6CD1","water_fog_color":"#3B6CD1"},"cold_taiga":{"water_surface_color":"#205e83","water_fog_color":"#205e83"},"cold_taiga_mutated":{"water_surface_color":"#205e83","water_fog_color":"#205e83"},"cold_taiga_hills":{"water_surface_color":"#245b78","water_fog_color":"#245b78"},"mega_taiga":{"water_surface_color":"#2d6d77","water_fog_color":"#2d6d77"},"mega_spruce_taiga":{"water_surface_color":"#2d6d77","water_fog_color":"#2d6d77"},"mega_taiga_mutated":{"water_surface_color":"#2d6d77","water_fog_color":"#2d6d77"},"mega_spruce_taiga_mutated":{"water_surface_color":"#2d6d77","water_fog_color":"#2d6d77"},"mega_taiga_hills":{"water_surface_color":"#286378","water_fog_color":"#286378"},"extreme_hills_plus_trees":{"water_surface_color":"#0E63AB","water_fog_color":"#0E63AB"},"extreme_hills_plus_trees_mutated":{"water_surface_color":"#0E63AB","water_fog_color":"#0E63AB"},"extreme_hills_mutated":{"water_surface_color":"#0E63AB","water_fog_color":"#0E63AB"},"savanna":{"water_surface_color":"#2C8B9C","water_fog_color":"#2C8B9C"},"savanna_plateau":{"water_surface_color":"#2590A8","water_fog_color":"#2590A8"},"savanna_mutated":{"water_surface_color":"#2590A8","water_fog_color":"#2590A8"},"mesa":{"water_surface_color":"#4E7F81","water_fog_color":"#4E7F81"},"mesa_bryce":{"water_surface_color":"#497F99","water_fog_color":"#497F99"},"mesa_mutated":{"water_surface_color":"#497F99","water_fog_color":"#497F99"},"mesa_plateau_stone":{"water_surface_color":"#55809E","water_fog_color":"#55809E"},"mesa_plateau":{"water_surface_color":"#55809E","water_fog_color":"#55809E"},"ocean":{"water_surface_color":"#1787D4","water_fog_color":"#1165b0","water_fog_distance":512},"deep_ocean":{"water_surface_color":"#1787D4","water_fog_color":"#1463a5","water_fog_distance":512},"warm_ocean":{"water_surface_color":"#02B0E5","water_surface_transparency":0.3,"water_fog_color":"#0289d5","water_fog_distance":512},"deep_warm_ocean":{"water_surface_color":"#02B0E5","water_fog_color":"#0686ca","water_fog_distance":512},"lukewarm_ocean":{"water_surface_color":"#0D96DB","water_fog_color":"#0a74c4","water_fog_distance":512},"deep_lukewarm_ocean":{"water_surface_color":"#0D96DB","water_fog_color":"#0e72b9","water_fog_distance":512},"cold_ocean":{"water_surface_color":"#2080C9","water_fog_color":"#14559b","water_fog_distance":512},"deep_cold_ocean":{"water_surface_color":"#2080C9","water_fog_color":"#185390","water_fog_distance":512},"frozen_ocean":{"water_surface_color":"#2570B5","water_fog_color":"#174985","water_fog_distance":512},"deep_frozen_ocean":{"water_surface_color":"#2570B5","water_fog_color":"#1a4879","water_fog_distance":512},"hell":{"water_surface_color":"5F000C","water_fog_color":"#5F000C","fog_color":"#340003"},"warped_forest":{"water_surface_color":"#905957","water_fog_color":"#905957","fog_color":"#1a051A"},"crimson_forest":{"water_surface_color":"#905957","water_fog_color":"#905957","fog_color":"#330303"},"soulsand_valley":{"water_surface_color":"#905957","water_fog_color":"#905957","fog_color":"#1B4745"},"basalt_deltas":{"water_surface_color":"#3f76e4","water_fog_color":"#423e42","fog_color":"#685f70"}}}