{"namespace":"crafting","toolbar_panel@crafting.crafting_root_panel":{"size":["100%c",20],"controls":[{"toolbar_background@crafting.toolbar_background":{"size":["100%cm","100% + 8px"],"offset":[0,-3],"anchor_from":"top_right","anchor_to":"top_right","controls":[{"toolbar_stack_panel":{"type":"stack_panel","orientation":"horizontal","size":["default","100% - 8px"],"offset":[0,3],"anchor_from":"top_middle","anchor_to":"top_middle","controls":[{"left_trigger_anchor":{"type":"panel","size":[0,"100%"],"bindings":[{"binding_name":"#gamepad_helper_visible","binding_name_override":"#visible"}],"controls":[{"gamepad_helper_left_trigger@common.gamepad_helper_left_trigger":{"offset":[3,-2],"anchor_from":"left_middle","anchor_to":"right_middle"}}]}},{"padding_0":{"type":"panel","size":[8,0]}},{"recipe_book_layout_toggle_panel_survival":{"type":"panel","size":[25,"100%"],"bindings":[{"binding_type":"global","binding_name":"(not #is_creative_mode)","binding_name_override":"#visible"}],"controls":[{"recipe_book_layout_toggle@crafting.recipe_book_layout_toggle":{"$focus_override_left":"search_tab"}}]}},{"recipe_book_layout_toggle_panel_creative":{"type":"panel","size":["100%c","100%"],"bindings":[{"binding_type":"global","binding_name":"#is_creative_mode","binding_name_override":"#visible"}],"controls":[{"recipe_book_layout_toggle@crafting.recipe_book_layout_toggle":{}}]}},{"padding_1":{"type":"panel","size":[2,0],"bindings":[{"binding_type":"global","binding_name":"#creative_layout_button_visible","binding_name_override":"#visible"}]}},{"creative_layout_toggle_panel":{"type":"panel","size":["100%c","100%"],"bindings":[{"binding_type":"global","binding_name":"#creative_layout_button_visible","binding_name_override":"#visible"}],"controls":[{"creative_layout_toggle@crafting.creative_layout_toggle":{"$focus_override_left":"search_tab"}}]}},{"padding_2":{"type":"panel","size":[1,0]}},{"survival_layout_toggle_panel":{"type":"panel","size":["100%c","100%"],"controls":[{"survival_layout_toggle@crafting.survival_layout_toggle":{}}]}},{"padding_3":{"type":"panel","size":[4,0]}},{"close_button_panel":{"type":"panel","size":[15,"100%"],"bindings":[{"binding_name":"#close_button_visible","binding_name_override":"#visible"}],"controls":[{"close_button@common.light_close_button":{"offset":[0,0],"anchor_from":"center","anchor_to":"center"}},{"close_inventory_tip@game_tip.close_inventory_factory":{}}]}},{"padding_4":{"type":"panel","size":[6,0]}},{"right_trigger_anchor":{"type":"panel","size":[0,"100%"],"bindings":[{"binding_name":"#gamepad_helper_visible","binding_name_override":"#visible"}],"controls":[{"gamepad_helper_right_trigger@common.gamepad_helper_right_trigger":{"offset":[-2,-2],"anchor_from":"right_middle","anchor_to":"left_middle"}}]}}]}}]}}]},"help_button@common.button":{"size":[15,15],"layer":5,"visible":"($education_edition_china)","$default_texture|default":"textures/ui/how_to_play_button_default_light","$hover_texture|default":"textures/ui/how_to_play_button_hover_light","$pressed_texture|default":"textures/ui/how_to_play_button_pressed_light","$pressed_button_name":"button.help","$focus_id":"help_button","$focus_override_up":"FOCUS_OVERRIDE_STOP","controls":[{"default":{"type":"image","texture":"$default_texture"}},{"hover":{"type":"image","texture":"$hover_texture"}},{"pressed":{"type":"image","texture":"$pressed_texture"}}]},"survival_panel_top_half":{"type":"panel","size":["100%","50%"],"anchor_to":"top_left","anchor_from":"top_left","controls":[{"cell_bg_image":{"type":"image","texture":"textures/ui/background_panel","offset":[25,22],"size":[26,104],"layer":2,"anchor_to":"bottom_right","anchor_from":"bottom_right","controls":[{"cell_button_panel":{"type":"stack_panel","orientation":"vertical","layer":1,"offset":[2,0],"anchor_to":"center","anchor_from":"center","size":[24,100],"controls":[{"bedrocktimize_button_clock@bedrocktimize_assets.clock_cell":{}},{"bedrocktimize_button_compass@bedrocktimize_assets.compass_cell":{}},{"bedrocktimize_button_one@bedrocktimize_assets.drop_one_cell":{}},{"bedrocktimize_button_all@bedrocktimize_assets.drop_all_cell":{}}]}}]}},{"player_armor_panel@player_armor_panel":{}},{"crafting_panel@crafting_panel_2x2":{}}]},"player_inventory@common.root_panel":{"layer":4,"controls":[{"common_panel@common.common_panel":{"offset":[0,0],"$show_close_button":false}},{"inventory_panel_top_half@$top_half_variant":{"layer":2}},{"inventory_panel_bottom_half@common.inventory_panel_bottom_half":{"layer":2,"$button_ref":"crafting.inventory_container_slot_button","$background_images":"crafting.container_cell_images"}},{"cell_bg_image":{"type":"image","texture":"textures/ui/background_panel","offset":[0,35],"size":[96,36],"layer":2,"anchor_to":"bottom_middle","anchor_from":"bottom_middle","controls":[{"stats_panel@bedrocktimize_assets.stats_panel":{"offset":[8,6],"layer":1,"anchor_to":"center","anchor_from":"center"}}]}},{"hotbar_grid@common.hotbar_grid_template":{"layer":2,"$button_ref":"crafting.inventory_container_slot_button","$background_images":"crafting.container_cell_images"}}]},"creative_hotbar_panel@common.root_panel":{"size":["100%c","100%c"],"controls":[{"creative_hotbar_background":{"type":"image","texture":"textures/ui/dialog_background_opaque_overlap_bottom","offset":[0,18],"size":["70%c + 9px","58%c + 20px"],"anchor_from":"bottom_middle","anchor_to":"bottom_middle","layer":10,"controls":[{"hotbar_grid@common.hotbar_grid_template":{"layer":5,"offset":[0,1],"anchor_from":"top_middle","anchor_to":"top_middle","$button_ref":"crafting.creative_hotbar_container_slot_button"}},{"quick_attachment_bar@bedrocktimize_assets.quick_attachment_bar":{"layer":5,"offset":[0,8]}}]}}]},"recipe_book@crafting.crafting_root_panel":{"layer":2,"controls":[{"bg@common.common_panel":{"$show_close_button":false}},{"gamepad_helper_bumpers@crafting.gamepad_helper_bumpers":{"size":[146,16],"offset":[0,-5],"anchor_from":"top_left","anchor_to":"bottom_left"}},{"tab_navigation_panel@crafting.tab_navigation_panel_layout":{"size":[146,23],"anchor_from":"top_left","anchor_to":"bottom_left","$is_search_right_most_tab":"#is_recipe_book_layout","bindings":[{"binding_type":"global","binding_name":"#is_recipe_book_layout"}]}},{"tab_content_panel@crafting.tab_content":{"size":["100%","100%"],"layer":2,"$scrolling_pane_control":"crafting.recipe_book_scroll_panel"}},{"creative_hotbar_panel@crafting.creative_hotbar_panel":{"layer":3,"offset":[0,-23],"anchor_from":"bottom_middle","anchor_to":"top_middle","bindings":[{"binding_type":"global","binding_name":"#is_creative_layout","binding_name_override":"#visible"}]}}]},"recipe_inventory_screen_content":{"type":"panel","controls":[{"content_stack_panel":{"type":"stack_panel","size":[326,166],"orientation":"horizontal","controls":[{"recipe_book@crafting.recipe_book":{"size":["fill","100%"],"bindings":[{"binding_type":"global","binding_name":"(not #is_survival_layout)","binding_name_override":"#visible"}]}},{"mob_effects_renderer":{"type":"custom","size":[1,1],"offset":[1,10],"renderer":"mob_effects_renderer"}},{"center_fold@crafting.center_fold":{"size":[4,166],"bindings":[{"binding_type":"global","binding_name":"#is_recipe_book_layout","binding_name_override":"#visible"}]}},{"survival_padding":{"type":"panel","size":[75,"100%"],"bindings":[{"binding_type":"global","binding_name":"#is_survival_layout","binding_name_override":"#visible"}]}},{"player_inventory@crafting.player_inventory":{"bindings":[{"binding_type":"global","binding_name":"(not #is_creative_layout)","binding_name_override":"#visible"}]}},{"toolbar_anchor":{"type":"panel","size":[0,"100%"],"controls":[{"toolbar_panel@crafting.toolbar_panel":{"anchor_from":"top_right","anchor_to":"bottom_right"}}]}}]}},{"inventory_take_progress_icon_button@common.inventory_take_progress_icon_button":{}},{"inventory_selected_icon_button@common.inventory_selected_icon_button":{}},{"hold_icon@common.inventory_take_progress_icon_button":{}},{"controller_gamepad_helpers_stack_panel":{"type":"stack_panel","anchor_from":"bottom_middle","anchor_to":"bottom_middle","controls":[{"container_gamepad_helpers_second_row@crafting.container_gamepad_helpers_second_row":{}},{"container_gamepad_helpers@common.container_gamepad_helpers":{"$helper_x_control":"crafting.inventory_x_gamepad_helper","$helper_y_control":"crafting.inventory_y_gamepad_helper","$helper_a_control":"crafting.inventory_a_gamepad_helper"}}],"bindings":[{"binding_name":"#gamepad_helper_visible","binding_name_override":"#visible"}]}},{"flying_item_renderer@common.flying_item_renderer":{"layer":13}},{"game_tip@game_tip.game_tip_panel":{"layer":100,"$offset|default":[0,110],"variables":[{"requires":"$game_pad","$offset":[0,"38%"]}],"offset":"$offset"}},{"selected_item_details_factory@common.selected_item_details_factory":{}}]}}