{"namespace":"start","skin_panel":{"type":"panel","anchor_to":"bottom_right","anchor_from":"bottom_right","controls":[{"viewer_panel@start.skin_viewer_panel":{}}]},"playername_mobile":{"type":"label","shadow":true,"layer":1,"text":"#playername","size":["default",10],"max_size":["default",10],"anchor_from":"top_left","anchor_to":"top_left","bindings":[{"binding_name":"#playername"}]},"version":{"type":"label","shadow":true,"layer":1,"text":"#version","size":["default",10],"max_size":["default",10],"anchor_from":"top_left","anchor_to":"top_left","bindings":[{"binding_name":"#version"}]},"development_version":{"type":"label","shadow":true,"layer":1,"text":"#development_version","size":["default",10],"max_size":["default",10],"anchor_from":"top_left","anchor_to":"top_left","bindings":[{"binding_name":"#development_version"}]},"creator_version_panel":{"type":"stack_panel","size":["default",10],"offset":[38,5],"anchor_from":"top_left","anchor_to":"top_left","controls":[{"minecraft@bedrocktimize_lables.minecraft":{}},{"development_version@start.development_version":{"ignored":"$is_publish"}},{"version@start.version":{}},{"playername_mobile@start.playername_mobile":{}},{"player_bgg":{"type":"image","texture":"textures/bedrocktimize_ui/clear","alpha":1,"offset":[38,-5],"clips_children":true,"size":[24,24],"controls":[{"paper_doll":{"type":"custom","renderer":"paper_doll_renderer","camera_tilt_degrees":0,"starting_rotation":0,"size":["500%","500%"],"offset":[0,13.5]}}]}}]},"start_screen_content":{"type":"panel","$achievements_ignored|default":false,"$feedback_ignored|default":false,"$store_ignored|default":false,"controls":[{"creator_version_panel@start.creator_version_panel":{}},{"disclaimer@bedrocktimize_lables.disclaimer":{}},{"0@start.title":{"anchor_from":"top_middle","anchor_to":"top_middle"}},{"1@start.center_button_panel":{"anchor_from":"center","anchor_to":"center","offset":[0,-30]}},{"2@start.sidebar_panel":{"anchor_from":"left_middle","anchor_to":"left_middle"}},{"advanced_settings":{"type":"panel","anchor_from":"bottom_middle","anchor_to":"bottom_middle","bindings":[{"binding_type":"view","source_control_name":"general_section.advanced_video_options_toggle","source_property_name":"#toggle_state","target_property_name":"#visible"}],"controls":[{"player_bg":{"type":"image","texture":"textures/ui/Banners","alpha":0.6,"offset":[0,-5],"anchor_from":"bottom_middle","anchor_to":"bottom_middle","size":[64,96],"controls":[{"3@start.skin_panel":{"anchor_from":"center","anchor_to":"center","offset":[0,8],"size":["150%","150%"]}}]}}]}}]},"xbl_signin_button@start.main_button":{"size":[120,20],"$pressed_button_name":"button.signin","$button_text_size":["default",10],"$button_text":"xbox.signin","$focus_id":"menu_xbox_signin_button"},"profile_button@common_buttons.white_common":{"size":["100%",24],"$pressed_button_name":"button.to_profile_screen","$button_content":"bedrocktimize_glyphs.profile_icon"},"store_button@common_buttons.white_common":{"size":["100%",24],"$pressed_button_name":"button.menu_store","$button_content":"bedrocktimize_glyphs.marketplace_icon"},"exit_button@common_buttons.white_common":{"size":[120,0],"$pressed_button_name":"button.menu_exit","$button_text":"profileScreen.header","$button_content":"bedrocktimize_glyphs.exit_icon"},"new_achievements_button@common_buttons.white_common":{"$pressed_button_name":"button.menu_achievements","$button_content":"bedrocktimize_glyphs.trophy_icon"},"release_feedback_button@common_buttons.hyperlink_contentt_button":{"size":["100%",24],"property_bag":{"#hyperlink":"https://aka.ms/minecraftfb"},"$button_content":"bedrocktimize_glyphs.feedback_icon"},"pre_release_feedback_button@common_buttons.hyperlink_contentt_button":{"size":["100%",24],"property_bag":{"#hyperlink":"https://aka.ms/minecraftfbbeta"}},"new_buy_game_button@common_buttons.white_common":{"$pressed_button_name":"button.menu_buy_game","$button_content_size":[24,24],"size":["100%",24],"$button_content":"bedrocktimize_glyphs.auto_save"},"new_realms_button":{"type":"panel","controls":[{"count@start.notification_button_text_panel":{"anchor_from":"top_right","anchor_to":"top_right","offset":[6,-6],"alpha":0.6}},{"invites_button@common_buttons.white_common":{"$pressed_button_name":"button.menu_invite_notification","size":["100%",24],"$button_content_offset":[2,0],"$button_content":"bedrocktimize_glyphs.invite_icon","$button_tts_header":"realmsInvitationScreen.shareTitle"}}]},"title":{"type":"panel","size":["30%","30%"],"controls":[{"0@bedrocktimize_glyphs.title":{}},{"2@common_art.splash_text":{}}]},"sidebar_panel":{"type":"image","texture":"textures/bedrocktimize_ui/sidebar/sidebar","size":[33,"100%"],"controls":[{"button_panel":{"type":"stack_panel","size":[33,"100%"],"anchor_from":"center","anchor_to":"center","controls":[{"0@start.exit_button":{"size":["100%",24],"anchor_from":"top_middle","anchor_to":"top_middle"}},{"1@start.profile_button":{"size":["100%",24],"$button_offset":[0,0],"anchor_from":"top_middle","anchor_to":"top_middle"}},{"2@start.new_achievements_button":{"size":["100%",24],"anchor_from":"top_middle","anchor_to":"top_middle","bindings":[{"binding_name":"(not #sign_in_visible)","binding_name_override":"#visible"}],"enabled":true}},{"3@start.new_achievements_button":{"size":["100%",24],"anchor_from":"top_middle","anchor_to":"top_middle","bindings":[{"binding_name":"#sign_in_visible","binding_name_override":"#visible"}],"enabled":false}},{"4@start.new_realms_button":{"size":["100%",24],"anchor_from":"top_middle","anchor_to":"top_middle","bindings":[{"binding_name":"(not #sign_in_visible)","binding_name_override":"#visible"}],"enabled":true}},{"5@start.new_realms_button":{"size":["100%",24],"anchor_from":"top_middle","anchor_to":"top_middle","bindings":[{"binding_name":"#sign_in_visible","binding_name_override":"#visible"}],"enabled":false}},{"6@start.store_button":{"size":["100%",24],"bindings":[{"binding_name":"#sign_in_visible","binding_name_override":"#visible"}],"enabled":false}},{"7@start.store_button":{"size":["100%",24],"bindings":[{"binding_name":"(not #sign_in_visible)","binding_name_override":"#visible"}],"enabled":true}},{"8@start.edu_feedback_button":{"size":["100%",24],"ignored":"(not $education_edition)"}},{"9@start.release_feedback_button":{"size":["100%",24],"ignored":true}},{"10@start.pre_release_feedback_button":{"size":["100%",24],"ignored":true}},{"option_toggle_0@settings_common.option_toggle":{"$toggle_name":"see_more_toggle","$option_binding_name":"#see_more_toggle","$option_label":"Show Skin","$control_name":"general_section.advanced_video_options_toggle"}}]}},{"10@start.new_buy_game_button":{"size":["100%",24],"layer":99,"anchor_from":"bottom_middle","anchor_to":"bottom_middle","ignored":true}}]},"skin_viewer_panel":{"type":"input_panel","anchor_from":"bottom_middle","anchor_to":"bottom_middle","size":["100%","100% - 24px"],"offset":[0,-16],"gesture_tracking_button":"button.turn_doll","tts_ignore_count":true,"button_mappings":[{"from_button_id":"button.menu_select","to_button_id":"button.turn_doll","mapping_type":"pressed","button_up_right_of_first_refusal":true}],"controls":[{"paper_doll_panel":{"type":"panel","size":["100%","100% - 10px"],"controls":[{"paper_doll":{"type":"custom","renderer":"paper_doll_renderer","camera_tilt_degrees":-10,"starting_rotation":30,"layer":2,"anchor_from":"bottom_middle","anchor_to":"bottom_middle","rotation":"gesture_x","size":["100%","100%"],"offset":[0,-22],"animation_reset_name":"screen_animation_reset","anims":["@common.screen_exit_size_animation_push","@common.screen_exit_size_animation_pop","@common.screen_entrance_size_animation_push","@common.screen_entrance_size_animation_pop"],"bindings":[{"binding_type":"view","source_control_name":"viewer_panel","source_property_name":"#gesture_delta_source","target_property_name":"#gesture_delta_source"},{"binding_type":"view","source_control_name":"viewer_panel","source_property_name":"#gesture_mouse_delta_x","target_property_name":"#gesture_mouse_delta_x"},{"binding_name":"#is_appearance_visible","binding_name_override":"#visible","binding_condition":"always"}]}},{"appearacne_loading_panel@common_store.progress_loading":{"$hide_failure_text":true,"$hide_progress_loading_outline":true,"$source_control_name":"paper_doll","$source_property_name":"(not #visible)"}}]}}]},"center_button_panel":{"type":"stack_panel","anchor_from":"center","anchor_to":"center","size":[120,41],"controls":[{"not_signed_in_panel":{"type":"stack_panel","orientation":"horizontal","size":[120,20],"controls":[{"0@start.play_button":{"size":[60,20],"bindings":[{"binding_name":"#sign_in_visible","binding_name_override":"#visible"}]}},{"1@start.xbl_signin_button":{"size":[60,20],"bindings":[{"binding_name":"#sign_in_visible","binding_name_override":"#visible"}]}}]}},{"0@start.play_button":{"size":[120,20],"bindings":[{"binding_name":"(not #sign_in_visible)","binding_name_override":"#visible"}]}},{"spacer0":{"type":"panel","size":[0,0.5]}},{"1@start.settings_button":{"size":[120,20]}},{"spacer1":{"type":"panel","size":[0,0.5]}}]}}