{"namespace":"structure_editor","button_panel_wrapper/panel":{"modifications":[{"control_name":"save_panel_no_export","operation":"remove"},{"control_name":"load_panel_no_export","operation":"remove"}]},"button_panel_wrapper/panel/save_panel":{"modifications":[{"array_name":"ignored","operation":"remove","where":{"ignored":"(not $file_picking_supported)"}}]},"button_panel_wrapper/panel/load_panel":{"modifications":[{"array_name":"ignored","operation":"remove","where":{"ignored":"(not $file_picking_supported)"}}]}}