{"namespace":"common_toggles","light_text_bedrocktimize_toggle@common_toggles.light_template_toggle":{"$button_type_panel":"common_buttons.new_ui_binding_button_label","$button_content|default":"","$glyph_size|default":[],"$glyph_texture|default":"","$glyph_color_texture|default":"","$button_offset|default":[0,0],"$unchecked_control":"common_toggles.toggle_unchecked","$checked_control":"common_toggles.toggle_unchecked","$unchecked_hover_control|default":"common_toggles.toggle_unchecked_hover","$checked_hover_control|default":"common_toggles.toggle_unchecked_hover","$button_text|default":"efrg","$button_text_binding_type|default":"none","$button_text_grid_collection_name|default":"","$button_binding_condition|default":"none"},"dark_text_bedrocktimize_toggle@common_toggles.dark_template_toggle":{"$button_type_panel":"common_buttons.new_ui_binding_button_label","$unchecked_control":"common_toggles.toggle_unchecked","$checked_control":"common_toggles.toggle_unchecked","$unchecked_hover_control|default":"common_toggles.toggle_unchecked_hover","$checked_hover_control|default":"common_toggles.toggle_unchecked_hover","$button_offset|default":[0,0],"$button_content|default":"","$glyph_size|default":[],"$glyph_texture|default":"","$glyph_color_texture|default":"","$button_text|default":"","$button_text_binding_type|default":"none","$button_text_grid_collection_name|default":"","$button_binding_condition|default":"none"}}