{"namespace":"bedrocktimize_assets","extra_buttons_popup":{"type":"image","texture":"textures/ui/background_panel","size":[140,104],"layer":97,"anchor_from":"right_middle","anchor_to":"right_middle","controls":[{"extra_buttons_panel":{"type":"stack_panel","anchor_to":"center","anchor_from":"center","size":[128,98],"offset":[0,3.5],"controls":[{"auto_complete_panel":{"type":"stack_panel","orientation":"horizontal","size":[128,22],"controls":[{"autocomplete@chat.autocomplete":{"size":[64,22],"layer":98}},{"Sautocomplete@chat.Sautocomplete":{"size":[64,22],"layer":98}}]}},{"previous_chat_panel":{"type":"stack_panel","orientation":"horizontal","size":[128,22],"controls":[{"previous@chat.previous":{"size":[64,22],"layer":98}},{"next@chat.next":{"size":[64,22],"layer":98}}]}},{"misc_chat_panel":{"type":"stack_panel","orientation":"horizontal","size":[128,22],"controls":[{"copy_coordinate_button@chat.copy_coordinate_button":{"size":[64,22],"layer":98}},{"paste_button@chat.paste_button":{"size":[64,22],"layer":98}}]}},{"notes@common.multiline_text_edit_box":{"size":[128,25],"max_length":30,"always_listening":false,"$text_box_tts_header":"accessibility.chat.tts.textboxTitle","$place_holder_text":"x, y, z"}}]}}]},"pov_panel_tripple0":{"ignored":"(not $include_controls_and_settings_sections)","type":"stack_panel","size":["33.33333333333333333%",30],"orientation":"horizontal","controls":[{"first@settings_common.section_toggle_base":{"$toggle_name":"#thirdperson_radio_first","$glyph_size":"default","ignored":"(not $include_controls_and_settings_sections)","$unchecked_hover_control":"common_toggles.toggle_unchecked_hover","$checked_hover_control":"common_toggles.toggle_unchecked_hover","$unchecked_control":"common_toggles.toggle_unchecked","$checked_control":"common_toggles.toggle_unchecked","$glyph_texture":"textures/bedrocktimize_ui/glyphs/firstperson_glyph","$glyph_color_texture":"textures/bedrocktimize_ui/glyphs/firstperson_glyph_color","$glyph_anchor_from":"center","$glyph_anchor_to":"center","$button_text":" ","enabled":false,"$glyph_offset":["0%",0],"bindings":[{"binding_name":"#thirdperson_radio_first"}]}},{"third_back@settings_common.section_toggle_base":{"$toggle_name":"#thirdperson_radio_third_back","$glyph_size":"default","ignored":"(not $include_controls_and_settings_sections)","$unchecked_hover_control":"common_toggles.toggle_unchecked_hover","$checked_hover_control":"common_toggles.toggle_unchecked_hover","$unchecked_control":"common_toggles.toggle_unchecked","$checked_control":"common_toggles.toggle_unchecked","$glyph_texture":"textures/bedrocktimize_ui/glyphs/thirdperson_glyph","$glyph_color_texture":"textures/bedrocktimize_ui/glyphs/thirdperson_back_glyph_color","$button_text":" ","$glyph_offset":["0%",0],"bindings":[{"binding_name":"#thirdperson_radio_third_back"}]}},{"third_front@settings_common.section_toggle_base":{"$toggle_name":"#thirdperson_radio_third_front","$glyph_size":"default","$unchecked_hover_control":"common_toggles.toggle_unchecked_hover","$checked_hover_control":"common_toggles.toggle_unchecked_hover","$unchecked_control":"common_toggles.toggle_unchecked","ignored":"(not $include_controls_and_settings_sections)","$checked_control":"common_toggles.toggle_unchecked","$glyph_texture":"textures/bedrocktimize_ui/glyphs/thirdperson_glyph","$glyph_color_texture":"textures/bedrocktimize_ui/glyphs/thirdperson_glyph_color","$button_text":" ","$glyph_offset":["0%",0],"bindings":[{"binding_name":"#thirdperson_radio_third_front"}]}}],"bindings":[{"binding_name":"#thirdperson_radio_first","binding_name_override":"#visible"}]},"pov_panel_tripple1":{"ignored":"(not $include_controls_and_settings_sections)","type":"stack_panel","size":["33.33333333333333333%",30],"orientation":"horizontal","controls":[{"first@settings_common.section_toggle_base":{"$toggle_name":"#thirdperson_radio_first","$glyph_size":"default","ignored":"(not $include_controls_and_settings_sections)","$unchecked_hover_control":"common_toggles.toggle_unchecked_hover","$checked_hover_control":"common_toggles.toggle_unchecked_hover","$unchecked_control":"common_toggles.toggle_unchecked","$checked_control":"common_toggles.toggle_unchecked","$glyph_texture":"textures/bedrocktimize_ui/glyphs/firstperson_glyph","$glyph_color_texture":"textures/bedrocktimize_ui/glyphs/firstperson_glyph_color","$glyph_anchor_from":"center","$glyph_anchor_to":"center","$button_text":" ","$glyph_offset":["0%",0],"bindings":[{"binding_name":"#thirdperson_radio_first"}]}},{"third_back@settings_common.section_toggle_base":{"$toggle_name":"#thirdperson_radio_third_back","$glyph_size":"default","ignored":"(not $include_controls_and_settings_sections)","$unchecked_hover_control":"common_toggles.toggle_unchecked_hover","$checked_hover_control":"common_toggles.toggle_unchecked_hover","$unchecked_control":"common_toggles.toggle_unchecked","$checked_control":"common_toggles.toggle_unchecked","$glyph_texture":"textures/bedrocktimize_ui/glyphs/thirdperson_glyph","$glyph_color_texture":"textures/bedrocktimize_ui/glyphs/thirdperson_back_glyph_color","$button_text":" ","enabled":false,"$glyph_offset":["0%",0],"bindings":[{"binding_name":"#thirdperson_radio_third_back"}]}},{"third_front@settings_common.section_toggle_base":{"$toggle_name":"#thirdperson_radio_third_front","$glyph_size":"default","$unchecked_control":"common_toggles.toggle_unchecked","ignored":"(not $include_controls_and_settings_sections)","$unchecked_hover_control":"common_toggles.toggle_unchecked_hover","$checked_hover_control":"common_toggles.toggle_unchecked_hover","$checked_control":"common_toggles.toggle_unchecked","$glyph_texture":"textures/bedrocktimize_ui/glyphs/thirdperson_glyph","$glyph_color_texture":"textures/bedrocktimize_ui/glyphs/thirdperson_glyph_color","$button_text":" ","$glyph_offset":["0%",0],"bindings":[{"binding_name":"#thirdperson_radio_third_front"}]}}],"bindings":[{"binding_name":"#thirdperson_radio_third_back","binding_name_override":"#visible"}]},"pov_panel_tripple2":{"ignored":"(not $include_controls_and_settings_sections)","type":"stack_panel","size":["33.33333333333333333%",30],"orientation":"horizontal","controls":[{"first@settings_common.section_toggle_base":{"$toggle_name":"#thirdperson_radio_first","$glyph_size":"default","ignored":"(not $include_controls_and_settings_sections)","$unchecked_hover_control":"common_toggles.toggle_unchecked_hover","$checked_hover_control":"common_toggles.toggle_unchecked_hover","$unchecked_control":"common_toggles.toggle_unchecked","$checked_control":"common_toggles.toggle_unchecked","$glyph_texture":"textures/bedrocktimize_ui/glyphs/firstperson_glyph","$glyph_color_texture":"textures/bedrocktimize_ui/glyphs/firstperson_glyph_color","$glyph_anchor_from":"center","$glyph_anchor_to":"center","$button_text":" ","$glyph_offset":["0%",0],"bindings":[{"binding_name":"#thirdperson_radio_first"}]}},{"third_back@settings_common.section_toggle_base":{"$toggle_name":"#thirdperson_radio_third_back","$glyph_size":"default","ignored":"(not $include_controls_and_settings_sections)","$unchecked_hover_control":"common_toggles.toggle_unchecked_hover","$checked_hover_control":"common_toggles.toggle_unchecked_hover","$unchecked_control":"common_toggles.toggle_unchecked","$checked_control":"common_toggles.toggle_unchecked","$glyph_texture":"textures/bedrocktimize_ui/glyphs/thirdperson_glyph","$glyph_color_texture":"textures/bedrocktimize_ui/glyphs/thirdperson_back_glyph_color","$button_text":" ","$glyph_offset":["0%",0],"bindings":[{"binding_name":"#thirdperson_radio_third_back"}]}},{"third_front@settings_common.section_toggle_base":{"$toggle_name":"#thirdperson_radio_third_front","$glyph_size":"default","$unchecked_hover_control":"common_toggles.toggle_unchecked_hover","$checked_hover_control":"common_toggles.toggle_unchecked_hover","$unchecked_control":"common_toggles.toggle_unchecked","ignored":"(not $include_controls_and_settings_sections)","$glyph_texture":"textures/bedrocktimize_ui/glyphs/thirdperson_glyph","$glyph_color_texture":"textures/bedrocktimize_ui/glyphs/thirdperson_glyph_color","$button_text":" ","enabled":false,"$glyph_offset":["0%",0],"bindings":[{"binding_name":"#thirdperson_radio_third_front"}]}}],"bindings":[{"binding_name":"#thirdperson_radio_third_front","binding_name_override":"#visible"}]},"active":{"anchor_to":"bottom_left","anchor_from":"bottom_left","type":"label","shadow":false,"layer":1,"text":"Active","alpha":0.1,"offset":[2,-2]},"rec_section_options":{"type":"stack_panel","controls":[{"header_background":{"type":"image","size":["100%","30px"],"offset":[0,"-2px"],"anchor_from":"bottom_middle","anchor_to":"bottom_middle","texture":"textures/bedrocktimize_ui/clear","controls":[{"header_label":{"type":"label","color":"$body_text_color","layer":1,"anchor_from":"center","anchor_to":"center","text_alignment":"center","font_size":"large","shadow":true,"text":"Best Performance:"}}]}},{"header_background":{"type":"image","size":["100%","95px"],"offset":[0,"-2px"],"anchor_from":"bottom_middle","anchor_to":"bottom_middle","texture":"textures/ui/Banners","controls":[{"header_label":{"type":"label","color":"$body_text_color","layer":1,"anchor_from":"left_middle","anchor_to":"left_middle","text_alignment":"left_middle","offset":["4px",0],"text":"-Vertical Sync (vSync): Off\n-Render Distance: Low\n-Particle Render Distance: 0\n-Anti-aliasing: Minimum\n-Texel Anti-aliasing: OFF\n-Beautiful Skies/Render Clouds: OFF\n-Fancy Bubbles: OFF\n-Fancy Graphics: OFF\n-Smooth Lighting: OFF"}}]}},{"selector_group_lable_1@settings_common.selector_group_label":{"text":"space.spacer"}},{"header_labe1l":{"type":"label","color":"$body_text_color","layer":1,"anchor_from":"left_middle","anchor_to":"left_middle","text_alignment":"left_middle","text":"Keep these off:"}},{"option_content_file_log@settings_common.option_toggle":{"$option_label":"options.content_log_file","$option_binding_name":"#content_log_file","$option_enabled_binding_name":"#content_log_file_enabled","$toggle_name":"content_log_file"}},{"option_content_gui_log@settings_common.option_toggle":{"$option_label":"options.content_log_gui","$option_binding_name":"#content_log_gui","$option_enabled_binding_name":"#content_log_gui_enabled","$toggle_name":"content_log_gui"}}]},"info_section_options":{"type":"stack_panel","controls":[{"icon":{"type":"image","anchor_from":"top_middle","anchor_to":"top_middle","texture":"textures/ui/title","size":["100%",50]}},{"selector_group_lable_1@settings_common.selector_group_label":{"font_size":"large","shadow":true,"text":"Features:"}},{"selector_group_lable_1@settings_common.selector_group_label":{"text":"-Single-tap F5 Toggle\n-Organized Settings\n-New Start Screen UI\n-Low Foilage\n-Removed Water Fog\n-Added Bedrocktimize Title\n-Replaced Item Group Icons With Arrows\n-Changed Selected Items To Green\n-Grass Paths Has Top Texture On All 6 Sides"}},{"selector_group_lable_1@settings_common.selector_group_label":{"text":"space.spacer"}},{"selector_group_lable_1@settings_common.selector_group_label":{"font_size":"large","shadow":true,"text":"Creator Info:"}},{"selector_group_lable_1@settings_common.selector_group_label":{"text":"YouTube:"}},{"nether_button@common_buttons.hyperlink_button":{"$button_text|default":"https://youtube.com/netherninja","size":["100%",30],"$button_size_override":["100%","100% + 1px"],"anchor_from":"center","anchor_to":"center","property_bag":{"#hyperlink":""}}},{"selector_group_lable_1@settings_common.selector_group_label":{"text":"Twitter:"}},{"nether_button@common_buttons.hyperlink_button":{"$button_text|default":"@NetherNinja","size":["100%",30],"$button_size_override":["100%","100% + 1px"],"anchor_from":"center","anchor_to":"center","property_bag":{"#hyperlink":""}}},{"selector_group_lable_1@settings_common.selector_group_label":{"text":"space.spacer"}},{"bedrocktimize_hub_main":{"ignored":"(not $pocket_edition)","type":"stack_panel","size":["100%","100%c"],"controls":[{"sub0@win10_trial_conversion.sub_item0":{"$info_label":"updates.info","$title_label":"link.bedrocktimize"}},{"sub1@win10_trial_conversion.sub_item1":{"$info_label":"updates.info2","$title_label":"link.creator_page"}},{"sub2@win10_trial_conversion.sub_item2":{"$info_label":"discord.info","$title_label":"link.discord"}},{"sub3@win10_trial_conversion.sub_item3":{"$info_label":"disclaimer"}}]}},{"selector_group_lable_1@settings_common.selector_group_label":{"font_size":"large","shadow":true,"text":"Special Thanks:"}},{"selector_group_lable_1@settings_common.selector_group_label":{"text":"Original Bedrocktimize Title Creator:"}},{"nether_button@common_buttons.hyperlink_button":{"$button_text|default":"@real_cr21","size":["100%",30],"$button_size_override":["100%","100% + 1px"],"anchor_from":"center","anchor_to":"center","property_bag":{"#hyperlink":""}}},{"selector_group_lable_1@settings_common.selector_group_label":{"text":"New Bedrocktimize Title Creator:"}},{"nether_button@common_buttons.hyperlink_button":{"$button_text|default":"@MrBrose_","size":["100%",30],"$button_size_override":["100%","100% + 1px"],"anchor_from":"center","anchor_to":"center","property_bag":{"#hyperlink":""}}},{"selector_group_lable_1@settings_common.selector_group_label":{"text":"UI Helpers:"}},{"nether_button@common_buttons.hyperlink_button":{"$button_text|default":"@HawfHuman","size":["100%",30],"$button_size_override":["100%","100% + 1px"],"anchor_from":"center","anchor_to":"center","property_bag":{"#hyperlink":""}}},{"nether_button@common_buttons.hyperlink_button":{"$button_text|default":"@FMarkquesPTO","size":["100%",30],"$button_size_override":["100%","100% + 1px"],"anchor_from":"center","anchor_to":"center","property_bag":{"#hyperlink":""}}},{"selector_group_lable_1@settings_common.selector_group_label":{"text":"space.spacer"}},{"selector_group_lable_1@settings_common.selector_group_label":{"font_size":"large","shadow":true,"text":"Terms Of Use:","alpha":0.5}},{"selector_group_lable_1@settings_common.selector_group_label":{"font_size":"medium","alpha":0.5,"$button_content_alpha":0.5,"text":"Youtubers:\nNo credit to the original creator and other links other than the one provided by MCPEDL may result in a copyright strike and a video take down! If you have downloaded this from another link that MCPEDL did not provide please DM me on twitter @NetherNinja or @NethersAddons."}},{"selector_group_lable_1@settings_common.selector_group_label":{"text":"space.spacer"}},{"selector_group_lable_1@settings_common.selector_group_label":{"font_size":"medium","alpha":0.5,"$button_content_alpha":0.5,"text":"Pack Creators:\nDo NOT combine my files and textures with any other packs and addons and attempt to pass my creation plus the secondary pack's creator(s) as your own piece of work! Please contact me on twitter if you have any questions reguarding this! If you don't have a twitter, make one (It's free!). My hard work is mine, not yours!"}}]},"video_section_options":{"type":"stack_panel","controls":[{"notification_duration_options_panel":{"type":"stack_panel","size":["100%","100%c"],"orientation":"vertical","controls":[{"notification_duration_label_wrapper@common.tts_label_focus_wrapper":{"$tts_label_panel":"general_section.notification_duration_label"}},{"notification_duration_info_label_wrapper@common.tts_label_focus_wrapper":{"$tts_label_panel":"general_section.notification_duration_info_label"}},{"notification_duration_dropdown_spacer_pre":{"type":"panel","size":["100%",-8]}},{"notification_duration_dropdown@settings_common.option_dropdown":{"ignored":"($is_holographic and $is_reality_mode)","$dropdown_content":"general_section.notification_duration_dropdown_content","$dropdown_area":"content_area","$dropdown_name":"notification_duration_dropdown","$option_enabled_binding_name":"#notification_duration_dropdown_enabled","$options_dropdown_toggle_label_binding":"#notification_duration_dropdown_toggle_label","$dropdown_scroll_content_size":["100%","200%"]}}]}},{"text_background_opacity_slider@settings_common.option_slider":{"$option_label":"#text_background_opacity_slider_label","$slider_name":"text_background_opacity","$slider_value_binding_name":"#text_background_opacity","$slider_tts_text_value":"#text_background_opacity_text_value","$option_enabled_binding_name":"#text_background_opacity_enabled","$label_bindings":[{"binding_name":"$option_label"}]}},{"hud_opacity_slider@settings_common.option_slider":{"$option_label":"#interface_opacity_slider_label","$slider_name":"interface_opacity","$slider_value_binding_name":"#interface_opacity","$option_enabled_binding_name":"#interface_opacity_enabled","$label_bindings":[{"binding_name":"#interface_opacity_slider_label"}]}},{"max_framerate_slider@settings_common.option_slider":{"$option_label":"#max_framerate_slider_label","$slider_name":"max_framerate","$slider_value_binding_name":"#max_framerate","$option_enabled_binding_name":"#max_framerate_enabled","$slider_steps_binding_name":"#max_framerate_steps","$label_bindings":[{"binding_name":"#max_framerate_slider_label"}]}},{"gui_scale_slider@settings_common.option_slider":{"$option_label":"#gui_scale_slider_label","$slider_name":"gui_scale","$slider_value_binding_name":"#gui_scale","$slider_tts_text_value":"#gui_scale_text_value","$option_enabled_binding_name":"#gui_scale_enabled","$slider_steps_binding_name":"#gui_scale_steps","$label_bindings":[{"binding_name":"$option_label"}]}},{"splitscreen_hud_opacity_slider@settings_common.option_slider":{"ignored":"(not $can_splitscreen)","$option_label":"#splitscreen_interface_opacity_slider_label","$slider_name":"splitscreen_interface_opacity","$slider_value_binding_name":"#splitscreen_interface_opacity","$option_enabled_binding_name":"#splitscreen_interface_opacity_enabled","$label_bindings":[{"binding_name":"#splitscreen_interface_opacity_slider_label"}]}},{"option_toggle3@settings_common.option_toggle":{"$text_to_speech_supported":false,"$option_label":"options.enableOpenChatMessage","$option_binding_name":"#enable_open_chat_message","$option_enabled_binding_name":"#enable_open_chat_message_enabled","$toggle_name":"enable_open_chat_message"}},{"option_toggle_screen_animations@settings_common.option_toggle":{"$option_label":"options.screenAnimations","$option_binding_name":"#screen_animations","$option_enabled_binding_name":"#screen_animations_enabled","$toggle_name":"screen_animations","bindings":[{"binding_name":"#screen_animations_visible","binding_name_override":"#visible"}]}},{"camera_shake_toggle@settings_common.option_toggle":{"ignored":"($is_holographic and $is_reality_mode and not $is_pregame)","$option_label":"options.screenShake","$option_binding_name":"#camera_shake","$option_enabled_binding_name":"#camera_shake_enabled","$toggle_name":"camera_shake"}},{"fullscreen_toggle@settings_common.option_toggle":{"ignored":"($pocket_edition or $console_edition)","$option_label":"options.fullscreen","$option_binding_name":"#full_screen","$option_enabled_binding_name":"#full_screen_enabled","$toggle_name":"full_screen"}},{"auto_save_icon_toggle@settings_common.option_toggle":{"$option_label":"options.showautosaveicon","$option_binding_name":"#show_auto_save_icon","$option_enabled_binding_name":"#show_auto_save_icon_enabled","$toggle_name":"show_auto_save_icon"}},{"outline_selection_toggle@settings_common.option_toggle":{"ignored":"($is_holographic)","$option_label":"options.classic_box_selection","$option_binding_name":"#classic_box_selection","$option_enabled_binding_name":"#classic_box_selection_enabled","$toggle_name":"classic_box_selection"}},{"debug_panel":{"type":"stack_panel","ignored":"(not $pre_release)","controls":[{"header_label0":{"type":"label","color":"$body_text_color","layer":1,"anchor_from":"left_middle","anchor_to":"left_middle","text_alignment":"left_middle","text":"bedrocktimize.debug_overlay_on","bindings":[{"binding_name":"#debug_hud_radio_off","binding_name_override":"#visible"}],"offset":["4px",0]}},{"header_label1":{"type":"label","color":"$body_text_color","layer":1,"anchor_from":"left_middle","anchor_to":"left_middle","text_alignment":"left_middle","text":"bedrocktimize.debug_overlay_off","bindings":[{"binding_name":"#debug_hud_radio_basic","binding_name_override":"#visible"}],"offset":["4px",0]}},{"debug_on@common_toggles.light_text_bedrocktimize_toggle":{"size":["100%",30],"$toggle_name":"#debug_hud_radio_basic","$button_type_panel":"common_buttons.new_ui_binding_button_label","$button_text|default":"options.dev_enableDebugHudOverlay.basic","$pressed_alpha|default":1,"bindings":[{"binding_name":"#debug_hud_radio_off","binding_name_override":"#visible"}]}},{"debug_off@common_toggles.light_text_bedrocktimize_toggle":{"size":["100%",30],"$toggle_name":"#debug_hud_radio_off","$button_type_panel":"common_buttons.new_ui_binding_button_label","$button_text|default":"options.dev_enableDebugHudOverlay.off","$pressed_alpha|default":1,"bindings":[{"binding_name":"#debug_hud_radio_basic","binding_name_override":"#visible"}]}}]}},{"vsync_panel":{"type":"stack_panel","controls":[{"header_label0":{"type":"label","color":"$body_text_color","layer":1,"anchor_from":"left_middle","anchor_to":"left_middle","text_alignment":"left_middle","text":"bedrocktimize.vsync_on","bindings":[{"binding_name":"#vsync_off","binding_name_override":"#visible"}],"offset":["4px",0]}},{"header_label1":{"type":"label","color":"$body_text_color","layer":1,"anchor_from":"left_middle","anchor_to":"left_middle","text_alignment":"left_middle","text":"bedrocktimize.vsync_off","bindings":[{"binding_name":"#vsync_on","binding_name_override":"#visible"}],"offset":["4px",0]}},{"header_label2":{"type":"label","color":"$body_text_color","layer":1,"anchor_from":"left_middle","anchor_to":"left_middle","text_alignment":"left_middle","text":"bedrocktimize.vsync_adaptive","bindings":[{"binding_name":"#vsync_adaptive","binding_name_override":"#visible"}],"offset":["4px",0]}},{"vsync_off@common_toggles.light_text_bedrocktimize_toggle":{"size":["100%",30],"$toggle_name":"#vsync_off","$button_type_panel":"common_buttons.new_ui_binding_button_label","$button_text|default":"options.vsync.on","bindings":[{"binding_name":"#vsync_on","binding_name_override":"#visible"}]}},{"vsync_on@common_toggles.light_text_bedrocktimize_toggle":{"size":["100%",30],"$toggle_name":"#vsync_on","$button_type_panel":"common_buttons.new_ui_binding_button_label","$button_text|default":"options.vsync.adaptive","$pressed_alpha|default":1,"bindings":[{"binding_name":"#vsync_adaptive","binding_name_override":"#visible"}]}},{"vsync_adaptive@common_toggles.light_text_bedrocktimize_toggle":{"size":["100%",30],"$toggle_name":"#vsync_adaptive","$button_type_panel":"common_buttons.new_ui_binding_button_label","$button_text|default":"options.vsync.off","$pressed_alpha|default":1,"bindings":[{"binding_name":"#vsync_off","binding_name_override":"#visible"}]}}]}},{"split_screen_dropdown@settings_common.option_dropdown":{"ignored":"(not $can_splitscreen)","$option_label":"options.splitscreen","$dropdown_content":"general_section.split_screen_dropdown_content","$dropdown_area":"content_area","$dropdown_name":"split_screen_dropdown","$option_enabled_binding_name":"#split_screen_dropdown_enabled","$options_dropdown_toggle_label_binding":"#split_screen_dropdown_toggle_label","$dropdown_scroll_content_size":["100%","145%"]}},{"ui_profile_dropdown@settings_common.option_dropdown":{"ignored":"($console_edition)","$option_label":"options.uiprofile","$dropdown_content":"general_section.ui_profile_dropdown_content","$dropdown_area":"content_area","$dropdown_name":"ui_profile_dropdown","$option_enabled_binding_name":"#ui_profile_dropdown_enabled","$options_dropdown_toggle_label_binding":"#ui_profile_dropdown_toggle_label","$dropdown_scroll_content_size":["100%","145%"]}},{"setup_safe_zone":{"ignored":"($nx_os or (not $is_pregame))","type":"panel","size":["100%",32],"controls":[{"action_button@settings_common.action_button":{"$pressed_button_name":"setup_safe_zone_button","$button_text":"options.safeZone.title","anchor_from":"top_right","anchor_to":"top_right"}}]}}]},"gameplay_section_options":{"type":"stack_panel","controls":[{"brightness_slider@settings_common.option_slider":{"ignored":"($is_holographic)","$option_label":"#gamma_slider_label","$slider_name":"gamma","$slider_value_binding_name":"#gamma","$option_enabled_binding_name":"#gamma_enabled","$focus_override_up":"FOCUS_OVERRIDE_STOP","$label_bindings":[{"binding_name":"#gamma_slider_label"}]}},{"darkness_slider@settings_common.option_slider":{"$option_label":"#darkness_slider_label","$slider_name":"darkness","$slider_value_binding_name":"#darkness","$slider_tts_text_value":"#darkness_text_value","$option_enabled_binding_name":"#darkness_enabled","$label_bindings":[{"binding_name":"$option_label"}]}},{"darkness_slider_label_spacer_pre":{"type":"panel","size":["100%",2]}},{"darkness_slider_label_wrapper@common.tts_label_focus_wrapper":{"$tts_label_panel":"general_section.darkness_slider_label"}},{"darkness_slider_label_spacer_post":{"type":"panel","size":["100%",10]}},{"input_hint_toggle@settings_common.option_toggle":{"ignored":"(not $education_edition)","$option_label":"options.showInputHints","$option_binding_name":"#show_input_hints","$option_enabled_binding_name":"#show_input_hints_enabled","$toggle_name":"show_input_hints"}},{"render_distance_slider@settings_common.option_slider":{"ignored":"($is_holographic)","$option_label":"#render_distance_slider_label","$slider_name":"render_distance","$slider_value_binding_name":"#render_distance","$option_enabled_binding_name":"#render_distance_enabled","$slider_steps_binding_name":"#render_distance_steps","$label_bindings":[{"binding_name":"#render_distance_slider_label"}]}},{"msaa_slider@settings_common.option_slider":{"$option_label":"#msaa_slider_label","$slider_name":"msaa","$slider_value_binding_name":"#msaa","$option_enabled_binding_name":"#msaa_enabled","$slider_steps_binding_name":"#msaa_steps","$label_bindings":[{"binding_name":"#msaa_slider_label"}],"bindings":[{"binding_name":"#show_msaa","binding_name_override":"#visible"}]}},{"raytracing_render_distance_slider@settings_common.option_slider":{"ignored":"($is_holographic)","$option_label":"#raytracing_render_distance_slider_label","$slider_name":"raytracing_render_distance","$slider_value_binding_name":"#raytracing_render_distance","$slider_tts_text_value":"#raytracing_render_distance_text_value","$option_enabled_binding_name":"#raytracing_render_distance_enabled","$slider_steps_binding_name":"#raytracing_render_distance_steps","$label_bindings":[{"binding_name":"$option_label"}],"controls":[{"rtx_render_distance_warning@general_section.rtx_render_distance_warning":{}},{"option_generic_core@settings_common.option_generic_core":{}}],"bindings":[{"binding_name":"#show_raytracing_render_distance","binding_name_override":"#visible"}]}},{"texel_anti_aliasing_toggle@settings_common.option_toggle":{"$option_label":"options.texelAA","$option_binding_name":"#texel_aa","$option_enabled_binding_name":"#texel_aa_enabled","$toggle_name":"texel_aa"}},{"fancy_clouds_toggle_9@settings_common.option_toggle":{"$option_label":"options.fancyskies","$option_binding_name":"#fancy_skies","$option_enabled_binding_name":"#fancy_skies_enabled","$toggle_name":"fancy_skies"}},{"render_clouds_toggle_10@settings_common.option_toggle":{"$option_label":"options.renderclouds","$option_binding_name":"#render_clouds","$option_enabled_binding_name":"#fancy_skies","$toggle_name":"render_clouds"}},{"fancy_bubbles_toggle@settings_common.option_toggle":{"$option_label":"options.bubbleparticles","$option_binding_name":"#bubble_particles","$option_enabled_binding_name":"#bubble_particles_enabled","$toggle_name":"bubble_particles"}},{"smooth_lighting_toggle_11@settings_common.option_toggle":{"ignored":"($is_holographic)","$option_label":"options.smooth_lighting","$option_binding_name":"#smooth_lighting","$option_enabled_binding_name":"#smooth_lighting_enabled","$toggle_name":"smooth_lighting"}},{"graphics_toggle_12@settings_common.option_toggle":{"ignored":"($is_holographic)","$option_label":"options.graphics","$option_binding_name":"#graphics_toggle","$option_enabled_binding_name":"#graphics_toggle_enabled","$toggle_name":"graphics_toggle"}},{"fancy_leaves_toggle@settings_common.option_toggle":{"ignored":"($pocket_edition or $console_edition)","$option_label":"options.transparentleaves","$option_binding_name":"#transparent_leaves","$option_enabled_binding_name":"#transparent_leaves_enabled","$toggle_name":"transparent_leaves"}},{"upscaling_toggle@settings_common.option_toggle":{"ignored":"($is_holographic and $win10_edition)","$option_label":"options.upscaling","$option_binding_name":"#graphics_upscaling","$option_enabled_binding_name":"#graphics_upscaling_enabled","$toggle_name":"graphics_upscaling","controls":[{"rtx_disabled_option_upsell@general_section.rtx_disabled_option_upsell":{"$rtx_disabled_option_upsell_visible":"#rtx_upscale_disabled_option_upsell_visible","$rtx_disabled_option_is_hovered_button_event":"button.rtx_upscale_disabled_option_is_hovered","$rtx_disabled_option_upsell_tooltip_visible":"#rtx_upscale_disabled_option_upsell_tooltip_visible"}},{"option_generic_core@settings_common.option_generic_core":{}}]}},{"raytracing_toggle@settings_common.option_toggle":{"ignored":"($is_holographic)","$option_label":"options.raytracing","$option_binding_name":"#raytracing","$option_enabled_binding_name":"#raytracing_enabled","$toggle_name":"raytracing","controls":[{"rtx_disabled_option_upsell@general_section.rtx_disabled_option_upsell":{}},{"option_generic_core@settings_common.option_generic_core":{}}]}}]},"player_section_options":{"type":"stack_panel","controls":[{"field_of_view_slider@settings_common.option_slider":{"$ignored":"($is_holographic and $is_reality_mode and not $is_pregame)","$option_label":"#field_of_view_slider_label","$slider_name":"field_of_view","$slider_value_binding_name":"#field_of_view","$option_enabled_binding_name":"#field_of_view_enabled","$label_bindings":[{"binding_name":"#field_of_view_slider_label"}]}},{"option_toggle_3@settings_common.option_toggle":{"ignored":"($is_holographic and $is_reality_mode and not $is_pregame)","$option_label":"options.viewBobbing","$option_binding_name":"#view_bobbing","$option_enabled_binding_name":"#view_bobbing_enabled","$toggle_name":"view_bobbing"}},{"option_toggle_4@settings_common.option_toggle":{"$option_label":"options.hidepaperdoll","$option_binding_name":"#hide_paperdoll","$option_enabled_binding_name":"#hide_paperdoll_enabled","$toggle_name":"hide_paperdoll"}},{"option_toggle_5@settings_common.option_toggle":{"$option_label":"options.ingamePlayerNames","$option_binding_name":"#ingame_player_names","$option_enabled_binding_name":"#ingame_player_names_enabled","$toggle_name":"ingame_player_names"}},{"option_toggle_6@settings_common.option_toggle":{"ignored":"(not $can_splitscreen)","$option_label":"options.splitscreenIngamePlayerNames","$option_binding_name":"#splitscreen_ingame_player_names","$option_enabled_binding_name":"#splitscreen_ingame_player_names_enabled","$toggle_name":"splitscreen_ingame_player_names"}},{"only_allow_trusted_skins_toggle@settings_common.option_toggle":{"$option_label":"options.onlyTrustedSkinsAllowed","$option_binding_name":"#only_trusted_skins_allowed","$option_enabled_binding_name":"#only_trusted_skins_allowed_enabled","$toggle_name":"only_trusted_skins_allowed"}},{"field_of_view_toggle_7@settings_common.option_toggle":{"$option_label":"options.fov.toggle","$option_binding_name":"#field_of_view_toggle","$option_enabled_binding_name":"#field_of_view_toggle_enabled","$toggle_name":"field_of_view_toggle"}}]},"clock_cell_pocket@common_buttons.bedrocktimize_cell_content_button_hoverless":{"$pressed_button_name":"button.","$tooltip_text":"item.clock.name","$tooltip_text_description":"craftingScreen.tab.items","sound_name":"random.","$button_content":"bedrocktimize_glyphs.clock_pocket","size":[28,28]},"compass_cell_pocket@common_buttons.bedrocktimize_cell_content_button_hoverless":{"$pressed_button_name":"button.","$tooltip_text":"item.compass.name","$tooltip_text_description":"craftingScreen.tab.items","sound_name":"random.","$button_content":"bedrocktimize_glyphs.compass_pocket","size":[28,28]},"recovery_compass_cell_pocket@common_buttons.bedrocktimize_cell_content_button_hoverless":{"$pressed_button_name":"button.","$tooltip_text":"item.recovery_compass.name","$tooltip_text_description":"craftingScreen.tab.items","sound_name":"random.","$button_content":"bedrocktimize_glyphs.recovery_compass_pocket","size":[28,28]},"recovery_compass_cell_pocket_beta@common_buttons.bedrocktimize_cell_content_button_hoverless":{"$pressed_button_name":"button.","$tooltip_text":"item.recovery_compass.name","$tooltip_text_description":"craftingScreen.tab.items","sound_name":"random.","$button_content":"bedrocktimize_glyphs.recovery_compass_pocket_beta","size":[28,28]},"drop_one_cell_pocket@common_buttons.bedrocktimize_cell_content_button":{"$pressed_button_name":"button.cursor_drop_one","$button_content_size":[24,24],"sound_name":"random.pop","$button_content":"bedrocktimize_glyphs.drop_icon","sound_pitch":0.66,"size":[28,28]},"drop_all_cell_pocket@common_buttons.bedrocktimize_cell_content_button":{"$pressed_button_name":"button.cursor_drop_all","$button_content_size":[24,24],"sound_name":"random.pop","sound_pitch":0.66,"$button_content":"bedrocktimize_glyphs.drop_all_icon","size":[28,28]},"clock_cell@common_buttons.bedrocktimize_cell_content_button_hoverless":{"$pressed_button_name":"button.","$tooltip_text":"item.clock.name","$tooltip_text_description":"craftingScreen.tab.items","sound_name":"random.","$button_content":"bedrocktimize_glyphs.clock","size":[20,20]},"compass_cell@common_buttons.bedrocktimize_cell_content_button_hoverless":{"$pressed_button_name":"button.","$tooltip_text":"item.compass.name","$tooltip_text_description":"craftingScreen.tab.items","sound_name":"random.","$button_content":"bedrocktimize_glyphs.compass","size":[20,20]},"drop_one_cell@common_buttons.bedrocktimize_cell_content_button":{"$pressed_button_name":"button.cursor_drop_one","sound_name":"random.pop","$button_content_size":[16,16],"$button_content":"bedrocktimize_glyphs.drop_icon","sound_pitch":0.66,"size":[20,20]},"drop_all_cell@common_buttons.bedrocktimize_cell_content_button":{"$pressed_button_name":"button.cursor_drop_all","$button_content_size":[16,16],"sound_name":"random.pop","sound_pitch":0.66,"$button_content":"bedrocktimize_glyphs.drop_all_icon","size":[20,20]},"quick_attachment_bar":{"type":"stack_panel","orientation":"horizontal","size":[90,18],"controls":[{"offhand_grid":{"type":"grid","size":[18,18],"anchor_from":"bottom_middle","anchor_to":"bottom_middle","grid_dimensions":[1,1],"$item_collection_name":"offhand_items","collection_name":"$item_collection_name","controls":[{"offhand_grid_item@common.container_item":{"grid_position":[0,0],"$cell_overlay_ref":"crafting.armor_overlay_shield","$button_ref":"crafting.no_coalesce_container_slot_button","$focus_override_left_binding_type":"none","$focus_override_left":"armor_item_feet"}}]}},{"armor_grid":{"type":"grid","layer":1,"size":[72,18],"anchor_from":"bottom_middle","anchor_to":"bottom_middle","offset":[9,-4],"grid_dimensions":[4,1],"$item_collection_name":"armor_items","collection_name":"$item_collection_name","controls":[{"head_grid_item@common.container_item":{"grid_position":[0,0],"$cell_overlay_ref":"crafting.armor_overlay_helmet","$button_ref":"crafting.no_coalesce_container_slot_button","$focus_id_binding_type":"none","$focus_id":"armor_item_head","$focus_override_right_binding_type":"none","$focus_override_right":"crafting_input_top_left"}},{"chest_grid_item@common.container_item":{"grid_position":[1,0],"$cell_overlay_ref":"crafting.armor_overlay_chest","$button_ref":"crafting.no_coalesce_container_slot_button","$focus_id_binding_type":"none","$focus_id":"armor_item_chest","$focus_override_right_binding_type":"none","$focus_override_right":"crafting_input_top_left"}},{"legs_grid_item@common.container_item":{"grid_position":[2,0],"$cell_overlay_ref":"crafting.armor_overlay_legs","$button_ref":"crafting.no_coalesce_container_slot_button","$focus_id_binding_type":"none","$focus_id":"armor_item_legs","$focus_override_right_binding_type":"none","$focus_override_right":"crafting_input_mid_left"}},{"feet_grid_item@common.container_item":{"grid_position":[3,0],"$cell_overlay_ref":"crafting.armor_image_feet","$button_ref":"crafting.no_coalesce_container_slot_button","$focus_id_binding_type":"none","$focus_id":"armor_item_feet","$focus_override_right_binding_type":"none","$focus_override_right":"offhand_items0"}}]}}]},"stats_panel":{"type":"stack_panel","offset":[84,-26],"controls":[{"armor_renderer":{"type":"custom","size":[1,1],"renderer":"armor_renderer"}},{"heart_renderer":{"type":"custom","size":[1,1],"renderer":"heart_renderer"}}]},"hunger_panel":{"type":"stack_panel","controls":[{"hunger_renderer":{"type":"custom","size":[1,1],"anchor_to":"bottom_middle","anchor_from":"bottom_middle","offset":[40,-10],"renderer":"hunger_renderer"}}]},"render_panel":{"type":"stack_panel","anchor_to":"top_middle","anchor_from":"top_middle","offset":[0,-10],"controls":[{"renderer_panel":{"type":"panel","anchor_to":"top_middle","anchor_from":"top_middle","controls":[{"heart_renderer":{"type":"custom","size":[1,1],"offset":[-40,-20],"layer":2,"renderer":"heart_renderer","anchor_to":"top_middle","anchor_from":"top_middle","property_bag":{"#use_heart_offset":false}}},{"armor_renderer":{"type":"custom","size":[1,1],"offset":[-40,0],"layer":2,"renderer":"armor_renderer","anchor_to":"top_middle","anchor_from":"top_middle","property_bag":{"#use_heart_offset":false}}},{"hunger_renderer":{"type":"custom","size":[1,1],"offset":[40,0],"layer":2,"renderer":"hunger_renderer","anchor_to":"top_middle","anchor_from":"top_middle","property_bag":{"#use_heart_offset":false}}}]}}]},"player_panel":{"type":"panel","controls":[{"player_bg":{"type":"image","texture":"textures/ui/Banners","size":[52,70],"offset":[-51,0],"anchor_from":"left_middle","anchor_to":"left_middle","controls":[{"player_renderer_panel":{"type":"panel","size":[30,30],"offset":[0,-14],"controls":[{"player_renderer":{"type":"custom","renderer":"live_player_renderer","property_bag":{"#look_at_cursor":true},"animation_reset_name":"screen_animation_reset","anims":["@common.screen_exit_size_animation_push","@common.screen_exit_size_animation_pop","@common.screen_entrance_size_animation_push","@common.screen_entrance_size_animation_pop"],"layer":8,"anchor_from":"center","anchor_to":"center"}}]}}]}}]}}